id;truth;observed;missing_indicator;Recency;Frequency;Time
1;2;2;observed;-0.927278273991504;7.61824873737871;2.61388444213555
2;2;NA;mar;-1.17433228964445;1.28188053134736;-0.257708461710726
3;2;NA;mar;-1.05080528181798;1.79564011562017;0.0294508286739009
4;2;2;observed;-0.927278273991504;2.48065289465059;0.439678386366226
5;1;NA;mar;-1.05080528181798;3.165665673681;1.75240657098167
6;1;NA;mar;-0.680224258338558;-0.259398221471077;-1.24225460017231
7;2;NA;mar;-0.927278273991504;0.254361362801735;-0.832027042479981
8;1;1;observed;-1.05080528181798;1.11062733658976;0.0294508286739009
9;2;NA;mar;-0.927278273991504;0.596867752316943;-0.503844996326121
10;2;2;observed;-0.556697250512085;6.93323595834829;2.61388444213555
11;1;1;observed;-0.680224258338558;2.9944124789234;0.972974211366248
12;1;NA;mar;-1.17433228964445;-0.430651416228681;-1.24225460017231
13;2;NA;mar;-0.927278273991504;0.768120947074547;-0.257708461710726
14;1;NA;mar;-1.05080528181798;1.28188053134736;0.521723897904691
15;2;NA;mar;-0.927278273991504;0.0831081680441313;-0.791004286710749
16;2;NA;mcar;-0.927278273991504;-0.0881450267134726;-0.955095309787679
17;2;2;observed;-0.927278273991504;1.45313372610496;0.562746653673923
18;2;NA;mar;-0.927278273991504;1.62438692086257;0.603769409443156
19;2;NA;mar;-0.927278273991504;0.0831081680441313;-0.791004286710749
20;2;2;observed;-0.927278273991504;-0.430651416228681;-1.24225460017231
21;2;NA;mar;-0.927278273991504;-0.430651416228681;-1.24225460017231
22;1;NA;mar;-0.680224258338558;0.939374141832151;-0.257708461710726
23;2;NA;mar;-0.927278273991504;0.0831081680441313;-0.749981530941516
24;2;NA;mar;-0.927278273991504;0.0831081680441313;-0.749981530941516
25;1;1;observed;-0.062589219206194;0.596867752316943;-0.749981530941516
26;1;1;observed;-0.680224258338558;1.45313372610496;0.234564607520063
27;1;NA;mcar;-0.680224258338558;0.0831081680441313;-0.832027042479981
28;2;2;observed;-0.680224258338558;1.11062733658976;-0.0115719270953316
29;2;NA;mar;-0.680224258338558;-0.0881450267134726;-0.955095309787679
30;1;NA;mar;-0.680224258338558;0.425614557559339;-0.544867752095354
31;1;NA;mar;-1.05080528181798;1.45313372610496;0.972974211366248
32;2;NA;mar;-0.680224258338558;0.768120947074547;-0.257708461710726
33;2;NA;mar;-0.680224258338558;0.768120947074547;-0.257708461710726
34;2;NA;mar;-0.680224258338558;0.596867752316943;-0.339753973249191
35;1;NA;mar;-0.927278273991504;1.79564011562017;1.21911074598164
36;2;NA;mar;-0.927278273991504;0.425614557559339;-0.257708461710726
37;2;NA;mcar;-0.927278273991504;1.11062733658976;0.521723897904691
38;2;NA;mar;-0.680224258338558;0.0831081680441313;-0.749981530941516
39;2;NA;mar;-0.927278273991504;1.45313372610496;0.931951455597016
40;2;NA;mcar;-0.680224258338558;0.254361362801735;-0.503844996326121
41;2;2;observed;-0.927278273991504;1.28188053134736;0.767860432520086
42;1;NA;mar;-0.927278273991504;-0.0881450267134726;-0.749981530941516
43;2;NA;mcar;-0.927278273991504;-0.0881450267134726;-0.749981530941516
44;1;NA;mcar;-0.927278273991504;-0.0881450267134726;-0.749981530941516
45;2;NA;mar;-0.680224258338558;2.48065289465059;1.42422452482781
46;2;NA;mar;-0.680224258338558;0.596867752316943;-0.257708461710726
47;1;NA;mar;-0.927278273991504;0.596867752316943;0.0704735844431334
48;1;1;observed;-0.927278273991504;-0.601904610986284;-1.32430011171077
49;1;1;observed;-0.927278273991504;-0.601904610986284;-1.32430011171077
50;1;1;observed;-0.927278273991504;-0.601904610986284;-1.32430011171077
51;1;NA;mar;-0.927278273991504;0.939374141832151;0.480701142135458
52;2;NA;mar;-0.927278273991504;0.939374141832151;0.480701142135458
53;1;NA;mar;-0.927278273991504;0.0831081680441313;-0.503844996326121
54;1;1;observed;-0.927278273991504;1.11062733658976;0.726837676750853
55;2;NA;mcar;-0.680224258338558;-0.0881450267134726;-0.832027042479981
56;2;NA;mcar;-0.680224258338558;2.30939969989298;1.42422452482781
57;2;NA;mar;-0.680224258338558;0.425614557559339;-0.339753973249191
58;2;NA;mar;-0.927278273991504;0.254361362801735;-0.257708461710726
59;1;NA;mcar;-0.927278273991504;1.79564011562017;1.9164975940586
60;1;NA;mar;-0.803751266165031;0.0831081680441313;-0.544867752095354
61;1;NA;mar;-0.927278273991504;0.254361362801735;-0.216685705941494
62;2;NA;mcar;-0.927278273991504;0.425614557559339;0.0294508286739009
63;1;NA;mar;-0.927278273991504;0.768120947074547;0.603769409443156
64;2;NA;mcar;-0.680224258338558;-0.0881450267134726;-0.749981530941516
65;2;2;observed;-0.927278273991504;-0.430651416228681;-1.03714082132614
66;1;1;observed;-0.803751266165031;1.79564011562017;1.62933830367397
67;2;2;observed;-0.927278273991504;-0.259398221471077;-0.832027042479981
68;1;1;observed;-1.17433228964445;-0.601904610986284;-1.24225460017231
69;1;NA;mar;-0.680224258338558;0.254361362801735;-0.380776729018424
70;1;1;observed;-1.05080528181798;0.596867752316943;0.685814920981621
71;1;1;observed;-0.927278273991504;-0.259398221471077;-0.749981530941516
72;1;1;observed;-0.927278273991504;-0.259398221471077;-0.749981530941516
73;2;NA;mar;-0.680224258338558;1.96689331037777;1.50627003636627
74;1;1;observed;-0.927278273991504;-0.601904610986284;-1.24225460017231
75;2;2;observed;-0.927278273991504;-0.601904610986284;-1.24225460017231
76;2;2;observed;-0.927278273991504;-0.601904610986284;-1.24225460017231
77;2;2;observed;-0.927278273991504;-0.259398221471077;-0.749981530941516
78;1;1;observed;-0.927278273991504;-0.601904610986284;-1.24225460017231
79;1;1;observed;-0.927278273991504;-0.601904610986284;-1.24225460017231
80;1;1;observed;-0.927278273991504;-0.601904610986284;-1.24225460017231
81;2;NA;mar;-0.680224258338558;0.0831081680441313;-0.462822240556889
82;1;NA;mcar;-0.927278273991504;-0.259398221471077;-0.749981530941516
83;1;NA;mcar;-0.927278273991504;-0.259398221471077;-0.749981530941516
84;1;1;observed;-0.927278273991504;-0.259398221471077;-0.749981530941516
85;2;2;observed;-0.927278273991504;0.0831081680441313;-0.257708461710726
86;1;NA;mar;-0.927278273991504;0.0831081680441313;-0.257708461710726
87;1;1;observed;-0.680224258338558;-0.601904610986284;-1.24225460017231
88;1;1;observed;-0.680224258338558;-0.601904610986284;-1.24225460017231
89;1;1;observed;-0.680224258338558;-0.601904610986284;-1.24225460017231
90;2;NA;mar;-0.927278273991504;0.254361362801735;0.0294508286739009
91;2;2;observed;-0.680224258338558;-0.601904610986284;-1.24225460017231
92;1;1;observed;-0.680224258338558;-0.601904610986284;-1.24225460017231
93;1;1;observed;-0.680224258338558;-0.601904610986284;-1.24225460017231
94;1;1;observed;-0.680224258338558;-0.601904610986284;-1.24225460017231
95;1;NA;mcar;0.307991804273224;0.939374141832151;-0.462822240556889
96;1;NA;mar;-0.680224258338558;0.254361362801735;-0.257708461710726
97;1;NA;mcar;-0.803751266165031;1.96689331037777;2.12161137290476
98;2;NA;mar;-0.680224258338558;0.596867752316943;0.152519095981598
99;2;NA;mar;-0.680224258338558;-0.259398221471077;-0.832027042479981
100;2;NA;mar;-0.556697250512085;0.254361362801735;-0.339753973249191
101;2;NA;mar;-0.680224258338558;0.425614557559339;-0.0115719270953316
102;2;2;observed;-0.927278273991504;1.28188053134736;1.71138381521243
103;1;NA;mar;-0.680224258338558;0.596867752316943;0.234564607520063
104;1;1;observed;-0.927278273991504;-0.0881450267134726;-0.339753973249191
105;1;1;observed;-0.927278273991504;-0.0881450267134726;-0.339753973249191
106;1;NA;mcar;-0.433170242685612;1.96689331037777;1.46524728059704
107;1;1;observed;-1.17433228964445;0.425614557559339;1.01399696713548
108;1;1;observed;-0.803751266165031;-0.0881450267134726;-0.339753973249191
109;1;1;observed;-0.927278273991504;-0.430651416228681;-0.832027042479981
110;1;1;observed;-0.927278273991504;0.768120947074547;1.21911074598164
111;2;2;observed;-0.680224258338558;-0.0881450267134726;-0.462822240556889
112;1;NA;mcar;-0.680224258338558;0.596867752316943;0.480701142135458
113;1;NA;mar;-0.680224258338558;-0.0881450267134726;-0.462822240556889
114;2;NA;mar;-0.680224258338558;0.425614557559339;0.234564607520063
115;1;1;observed;-0.927278273991504;1.11062733658976;1.95752034982783
116;1;NA;mar;0.184464796446752;3.165665673681;1.21911074598164
117;2;2;observed;-0.927278273991504;0.254361362801735;0.480701142135458
118;1;1;observed;-0.680224258338558;0.939374141832151;1.09604247867395
119;1;1;observed;-1.05080528181798;0.254361362801735;0.931951455597016
120;2;2;observed;-0.927278273991504;0.939374141832151;1.83445208252013
121;2;2;observed;-0.927278273991504;-0.430651416228681;-0.749981530941516
122;2;2;observed;-0.680224258338558;-0.0881450267134726;-0.339753973249191
123;2;NA;mar;-0.927278273991504;0.0831081680441313;0.275587363289296
124;2;2;observed;-0.927278273991504;-0.0881450267134726;-0.0525946828645641
125;1;1;observed;-0.927278273991504;-0.259398221471077;-0.339753973249191
126;1;1;observed;-0.927278273991504;-0.0881450267134726;-0.0115719270953316
127;2;NA;mcar;-0.680224258338558;0.425614557559339;0.480701142135458
128;1;1;observed;-0.927278273991504;-0.259398221471077;-0.339753973249191
129;2;2;observed;-0.680224258338558;0.425614557559339;0.562746653673923
130;2;2;observed;-0.927278273991504;-0.601904610986284;-0.996118065556911
131;1;NA;mcar;-0.680224258338558;-0.0881450267134726;-0.257708461710726
132;1;1;observed;-0.927278273991504;1.11062733658976;2.49081617482785
133;1;NA;mar;-0.927278273991504;-0.601904610986284;-0.996118065556911
134;1;1;observed;-0.680224258338558;0.0831081680441313;0.0294508286739009
135;1;1;observed;-0.927278273991504;0.939374141832151;2.20365688444322
136;1;1;observed;-0.927278273991504;-0.430651416228681;-0.626913263633819
137;1;1;observed;-0.927278273991504;-0.0881450267134726;0.111496340212366
138;1;1;observed;-0.927278273991504;1.11062733658976;2.61388444213555
139;1;1;observed;-0.062589219206194;-0.0881450267134726;-0.626913263633819
140;1;1;observed;-0.927278273991504;-0.601904610986284;-0.955095309787679
141;1;1;observed;-0.927278273991504;0.596867752316943;1.62933830367397
142;1;1;observed;-0.556697250512085;1.45313372610496;2.12161137290476
143;1;1;observed;-0.680224258338558;-0.430651416228681;-0.749981530941516
144;1;1;observed;-0.680224258338558;-0.430651416228681;-0.749981530941516
145;2;2;observed;-0.680224258338558;-0.601904610986284;-1.03714082132614
146;2;2;observed;-0.680224258338558;-0.430651416228681;-0.749981530941516
147;1;1;observed;-0.433170242685612;-0.430651416228681;-0.832027042479981
148;1;1;observed;-0.927278273991504;-0.601904610986284;-0.955095309787679
149;2;2;observed;-0.927278273991504;-0.601904610986284;-0.955095309787679
150;1;NA;mcar;-0.927278273991504;-0.601904610986284;-0.955095309787679
151;2;2;observed;-0.927278273991504;0.254361362801735;0.972974211366248
152;1;NA;mar;-0.680224258338558;0.0831081680441313;0.193541851750831
153;1;NA;mcar;-0.680224258338558;0.939374141832151;1.7934293267509
154;2;2;observed;-0.927278273991504;-0.773157805743888;-1.32430011171077
155;1;NA;mcar;-0.927278273991504;-0.773157805743888;-1.32430011171077
156;1;1;observed;-0.927278273991504;-0.773157805743888;-1.32430011171077
157;1;1;observed;-0.927278273991504;-0.773157805743888;-1.32430011171077
158;1;1;observed;-0.927278273991504;-0.773157805743888;-1.32430011171077
159;1;1;observed;-0.927278273991504;-0.773157805743888;-1.32430011171077
160;1;1;observed;-0.927278273991504;-0.773157805743888;-1.32430011171077
161;1;1;observed;-0.927278273991504;-0.773157805743888;-1.32430011171077
162;1;1;observed;-0.927278273991504;-0.773157805743888;-1.32430011171077
163;1;1;observed;-0.927278273991504;-0.773157805743888;-1.32430011171077
164;2;2;observed;-0.927278273991504;-0.773157805743888;-1.32430011171077
165;2;2;observed;-0.927278273991504;-0.773157805743888;-1.32430011171077
166;2;2;observed;-0.927278273991504;-0.773157805743888;-1.32430011171077
167;1;1;observed;-0.927278273991504;-0.773157805743888;-1.32430011171077
168;1;NA;mcar;-0.927278273991504;-0.773157805743888;-1.32430011171077
169;1;1;observed;-0.927278273991504;-0.773157805743888;-1.32430011171077
170;1;1;observed;-0.927278273991504;-0.773157805743888;-1.32430011171077
171;1;NA;mcar;-0.927278273991504;-0.773157805743888;-1.32430011171077
172;1;1;observed;-0.927278273991504;-0.773157805743888;-1.32430011171077
173;1;1;observed;-0.927278273991504;-0.773157805743888;-1.32430011171077
174;1;1;observed;-0.927278273991504;-0.773157805743888;-1.32430011171077
175;1;1;observed;-0.927278273991504;-0.773157805743888;-1.32430011171077
176;1;1;observed;0.184464796446752;0.768120947074547;0.0294508286739009
177;2;2;observed;0.184464796446752;-0.259398221471077;-0.749981530941516
178;2;2;observed;-0.680224258338558;-0.0881450267134726;-0.0525946828645641
179;2;NA;mcar;-0.680224258338558;0.0831081680441313;0.275587363289296
180;1;1;observed;-0.927278273991504;-0.430651416228681;-0.503844996326121
181;2;2;observed;-0.680224258338558;-0.259398221471077;-0.339753973249191
182;1;1;observed;0.0609377886202788;-0.259398221471077;-0.749981530941516
183;1;1;observed;-0.927278273991504;-0.259398221471077;0.0294508286739009
184;1;1;observed;-0.680224258338558;1.11062733658976;2.20365688444322
185;1;1;observed;0.431518812099697;0.425614557559339;-0.339753973249191
186;1;1;observed;0.184464796446752;0.596867752316943;-0.0525946828645641
187;1;NA;mar;-0.680224258338558;-0.0881450267134726;-0.0115719270953316
188;1;NA;mar;-0.680224258338558;-0.259398221471077;-0.339753973249191
189;1;NA;mcar;-0.186116227032667;1.62438692086257;1.75240657098167
190;2;2;observed;-0.680224258338558;-0.0881450267134726;0.0294508286739009
191;1;1;observed;-0.680224258338558;0.254361362801735;0.726837676750853
192;1;1;observed;-0.680224258338558;0.254361362801735;0.726837676750853
193;1;NA;mcar;-0.927278273991504;-0.259398221471077;0.0294508286739009
194;1;1;observed;0.184464796446752;0.939374141832151;0.316610119058528
195;1;1;observed;-0.927278273991504;-0.601904610986284;-0.832027042479981
196;2;2;observed;-0.927278273991504;-0.0881450267134726;0.521723897904691
197;2;2;observed;-0.062589219206194;0.425614557559339;0.152519095981598
198;1;1;observed;-0.680224258338558;0.0831081680441313;0.521723897904691
199;1;1;observed;0.184464796446752;0.254361362801735;-0.216685705941494
200;1;NA;mcar;-0.062589219206194;0.596867752316943;0.439678386366226
201;1;1;observed;-0.680224258338558;0.0831081680441313;0.726837676750853
202;1;1;observed;-0.680224258338558;0.254361362801735;0.972974211366248
203;2;2;observed;-0.433170242685612;-0.601904610986284;-0.955095309787679
204;1;1;observed;-0.680224258338558;0.254361362801735;0.972974211366248
205;1;1;observed;0.184464796446752;0.596867752316943;0.152519095981598
206;1;1;observed;0.184464796446752;0.0831081680441313;-0.339753973249191
207;1;1;observed;-0.927278273991504;-0.601904610986284;-0.749981530941516
208;1;1;observed;-0.927278273991504;0.254361362801735;1.71138381521243
209;1;1;observed;0.184464796446752;0.0831081680441313;-0.298731217479959
210;1;1;observed;0.184464796446752;-0.430651416228681;-0.832027042479981
211;1;NA;mcar;-0.680224258338558;-0.773157805743888;-1.24225460017231
212;1;1;observed;-0.680224258338558;-0.773157805743888;-1.24225460017231
213;1;1;observed;-0.680224258338558;-0.773157805743888;-1.24225460017231
214;1;NA;mcar;-0.680224258338558;-0.773157805743888;-1.24225460017231
215;1;1;observed;-0.680224258338558;-0.773157805743888;-1.24225460017231
216;2;2;observed;-0.680224258338558;-0.773157805743888;-1.24225460017231
217;1;1;observed;-0.680224258338558;-0.773157805743888;-1.24225460017231
218;1;1;observed;-0.680224258338558;-0.773157805743888;-1.24225460017231
219;1;1;observed;-0.680224258338558;-0.773157805743888;-1.24225460017231
220;1;1;observed;-0.680224258338558;-0.773157805743888;-1.24225460017231
221;1;1;observed;-0.680224258338558;-0.773157805743888;-1.24225460017231
222;2;2;observed;-0.680224258338558;-0.773157805743888;-1.24225460017231
223;2;2;observed;-0.680224258338558;-0.773157805743888;-1.24225460017231
224;1;1;observed;-0.680224258338558;-0.773157805743888;-1.24225460017231
225;2;2;observed;-0.680224258338558;-0.773157805743888;-1.24225460017231
226;2;2;observed;-0.680224258338558;-0.773157805743888;-1.24225460017231
227;1;1;observed;-0.680224258338558;-0.773157805743888;-1.24225460017231
228;1;1;observed;-0.680224258338558;-0.430651416228681;-0.421799484787656
229;1;1;observed;-0.680224258338558;-0.773157805743888;-1.24225460017231
230;1;1;observed;-0.680224258338558;-0.773157805743888;-1.24225460017231
231;1;1;observed;-0.680224258338558;-0.773157805743888;-1.24225460017231
232;2;2;observed;-0.680224258338558;-0.773157805743888;-1.24225460017231
233;1;1;observed;-0.680224258338558;-0.773157805743888;-1.24225460017231
234;1;1;observed;0.0609377886202788;0.425614557559339;0.193541851750831
235;1;1;observed;0.55504581992617;0.254361362801735;-0.339753973249191
236;1;1;observed;-0.186116227032667;0.768120947074547;1.17808799021241
237;1;1;observed;0.184464796446752;-0.430651416228681;-0.791004286710749
238;1;1;observed;-0.680224258338558;-0.601904610986284;-0.832027042479981
239;1;1;observed;-0.927278273991504;-0.259398221471077;0.357632874827761
240;1;1;observed;-0.186116227032667;0.596867752316943;0.972974211366248
241;2;NA;mcar;-0.186116227032667;0.425614557559339;0.726837676750853
242;1;NA;mar;0.184464796446752;2.82315928416579;2.61388444213555
243;2;2;observed;-0.680224258338558;-0.430651416228681;-0.380776729018424
244;2;2;observed;0.184464796446752;1.96689331037777;1.83445208252013
245;1;1;observed;-0.062589219206194;-0.601904610986284;-0.955095309787679
246;1;1;observed;-0.680224258338558;-0.0881450267134726;0.480701142135458
247;1;1;observed;0.184464796446752;1.11062733658976;0.972974211366248
248;1;1;observed;-0.30964323485914;1.11062733658976;2.12161137290476
249;1;NA;mcar;0.184464796446752;-0.601904610986284;-0.955095309787679
250;1;1;observed;0.184464796446752;-0.601904610986284;-0.955095309787679
251;1;1;observed;0.184464796446752;-0.601904610986284;-0.955095309787679
252;1;1;observed;-0.927278273991504;0.0831081680441313;1.6703610594432
253;2;NA;mcar;0.184464796446752;0.425614557559339;0.275587363289296
254;2;2;observed;0.184464796446752;-0.430651416228681;-0.749981530941516
255;1;1;observed;0.307991804273224;1.28188053134736;1.01399696713548
256;1;NA;mcar;-0.927278273991504;-0.430651416228681;0.0294508286739009
257;1;1;observed;0.802099835579116;0.425614557559339;-0.257708461710726
258;1;1;observed;0.184464796446752;0.254361362801735;0.111496340212366
259;1;NA;mcar;-0.680224258338558;-0.430651416228681;-0.257708461710726
260;1;1;observed;0.307991804273224;1.11062733658976;0.972974211366248
261;1;1;observed;-0.680224258338558;-0.259398221471077;0.275587363289296
262;2;NA;mcar;0.184464796446752;1.45313372610496;1.58831554790474
263;1;1;observed;-0.927278273991504;-0.601904610986284;-0.462822240556889
264;2;2;observed;-0.927278273991504;-0.430651416228681;0.152519095981598
265;1;1;observed;-0.680224258338558;-0.0881450267134726;0.972974211366248
266;2;2;observed;-0.680224258338558;-0.259398221471077;0.357632874827761
267;1;1;observed;-0.803751266165031;-0.601904610986284;-0.462822240556889
268;1;1;observed;0.184464796446752;0.425614557559339;0.480701142135458
269;1;1;observed;-0.680224258338558;0.254361362801735;1.95752034982783
270;1;1;observed;0.431518812099697;-0.259398221471077;-0.544867752095354
271;1;1;observed;0.802099835579116;0.939374141832151;0.234564607520063
272;1;1;observed;0.802099835579116;0.254361362801735;-0.257708461710726
273;1;1;observed;-0.30964323485914;-0.601904610986284;-0.749981530941516
274;1;1;observed;-0.680224258338558;-0.0881450267134726;0.972974211366248
275;1;1;observed;-0.680224258338558;-0.0881450267134726;0.972974211366248
276;1;1;observed;-0.680224258338558;-0.259398221471077;0.480701142135458
277;1;1;observed;0.55504581992617;1.28188053134736;0.931951455597016
278;1;1;observed;-0.680224258338558;-0.430651416228681;-0.0115719270953316
279;1;1;observed;0.55504581992617;2.13814650513538;1.7934293267509
280;1;1;observed;0.184464796446752;0.425614557559339;0.562746653673923
281;1;1;observed;0.55504581992617;1.79564011562017;1.46524728059704
282;2;2;observed;0.55504581992617;-0.259398221471077;-0.503844996326121
283;1;1;observed;0.55504581992617;-0.0881450267134726;-0.339753973249191
284;1;NA;mcar;-0.186116227032667;-0.601904610986284;-0.749981530941516
285;1;1;observed;0.184464796446752;-0.0881450267134726;-0.0525946828645641
286;1;1;observed;0.184464796446752;-0.601904610986284;-0.832027042479981
287;1;1;observed;-0.680224258338558;-0.601904610986284;-0.462822240556889
288;2;2;observed;-0.062589219206194;-0.601904610986284;-0.749981530941516
289;2;2;observed;0.55504581992617;-0.0881450267134726;-0.257708461710726
290;2;2;observed;0.55504581992617;-0.430651416228681;-0.626913263633819
291;2;2;observed;0.55504581992617;-0.259398221471077;-0.462822240556889
292;1;1;observed;0.802099835579116;1.11062733658976;0.644792165212388
293;1;1;observed;0.184464796446752;-0.259398221471077;-0.257708461710726
294;1;1;observed;0.184464796446752;-0.0881450267134726;0.0294508286739009
295;1;1;observed;0.184464796446752;-0.0881450267134726;0.0294508286739009
296;1;1;observed;-0.927278273991504;-0.259398221471077;1.46524728059704
297;1;1;observed;0.55504581992617;-0.0881450267134726;-0.257708461710726
298;1;1;observed;0.55504581992617;-0.601904610986284;-0.832027042479981
299;1;1;observed;0.55504581992617;-0.601904610986284;-0.832027042479981
300;1;1;observed;0.55504581992617;-0.601904610986284;-0.832027042479981
301;1;1;observed;0.55504581992617;-0.601904610986284;-0.832027042479981
302;1;1;observed;0.55504581992617;-0.601904610986284;-0.832027042479981
303;1;1;observed;0.55504581992617;-0.601904610986284;-0.832027042479981
304;1;1;observed;-0.927278273991504;-0.430651416228681;0.726837676750853
305;1;1;observed;0.55504581992617;0.0831081680441313;-0.0115719270953316
306;2;2;observed;0.184464796446752;-0.0881450267134726;0.111496340212366
307;1;1;observed;-0.680224258338558;-0.0881450267134726;1.62933830367397
308;1;1;observed;0.184464796446752;-0.430651416228681;-0.462822240556889
309;1;1;observed;0.802099835579116;-0.259398221471077;-0.462822240556889
310;1;1;observed;0.802099835579116;-0.430651416228681;-0.626913263633819
311;1;1;observed;0.184464796446752;-0.0881450267134726;0.152519095981598
312;1;1;observed;0.184464796446752;-0.601904610986284;-0.749981530941516
313;1;1;observed;0.307991804273224;0.596867752316943;1.05501972290471
314;1;1;observed;-0.062589219206194;-0.773157805743888;-1.03714082132614
315;1;1;observed;-0.062589219206194;-0.773157805743888;-1.03714082132614
316;1;1;observed;-0.680224258338558;-0.601904610986284;-0.216685705941494
317;1;NA;mcar;0.184464796446752;-0.601904610986284;-0.708958775172284
318;1;1;observed;0.55504581992617;-0.259398221471077;-0.339753973249191
319;2;2;observed;0.184464796446752;0.596867752316943;1.5472927921355
320;1;1;observed;0.184464796446752;-0.0881450267134726;0.275587363289296
321;1;1;observed;0.678572827752643;1.79564011562017;1.95752034982783
322;2;NA;mcar;-0.062589219206194;-0.0881450267134726;0.685814920981621
323;1;1;observed;0.184464796446752;-0.259398221471077;-0.0115719270953316
324;2;2;observed;0.55504581992617;0.425614557559339;0.644792165212388
325;1;1;observed;0.802099835579116;0.254361362801735;0.152519095981598
326;1;1;observed;0.55504581992617;-0.601904610986284;-0.749981530941516
327;1;1;observed;-0.927278273991504;-0.601904610986284;0.275587363289296
328;1;1;observed;0.55504581992617;1.79564011562017;2.61388444213555
329;2;2;observed;0.55504581992617;-0.259398221471077;-0.257708461710726
330;1;1;observed;0.802099835579116;0.254361362801735;0.193541851750831
331;1;1;observed;0.55504581992617;0.254361362801735;0.521723897904691
332;1;1;observed;0.802099835579116;0.0831081680441313;0.0294508286739009
333;2;2;observed;0.802099835579116;0.0831081680441313;0.0294508286739009
334;2;2;observed;0.184464796446752;0.254361362801735;1.13706523444318
335;1;1;observed;0.802099835579116;-0.601904610986284;-0.749981530941516
336;2;2;observed;0.802099835579116;-0.430651416228681;-0.544867752095354
337;1;1;observed;0.184464796446752;-0.430651416228681;-0.257708461710726
338;1;NA;mcar;0.184464796446752;0.254361362801735;1.21911074598164
339;2;NA;mcar;0.184464796446752;-0.773157805743888;-0.955095309787679
340;1;1;observed;-0.062589219206194;-0.430651416228681;-0.0115719270953316
341;1;1;observed;0.55504581992617;-0.259398221471077;-0.175662950172262
342;1;NA;mar;1.66678889036443;5.56321040028746;2.61388444213555
343;1;1;observed;0.184464796446752;0.0831081680441313;0.972974211366248
344;1;1;observed;0.184464796446752;-0.773157805743888;-0.955095309787679
345;1;NA;mcar;0.184464796446752;-0.773157805743888;-0.955095309787679
346;1;1;observed;0.184464796446752;-0.773157805743888;-0.955095309787679
347;1;1;observed;0.184464796446752;-0.773157805743888;-0.955095309787679
348;1;1;observed;0.184464796446752;-0.773157805743888;-0.955095309787679
349;1;1;observed;0.184464796446752;-0.773157805743888;-0.955095309787679
350;1;1;observed;0.184464796446752;-0.773157805743888;-0.955095309787679
351;1;1;observed;0.184464796446752;-0.773157805743888;-0.955095309787679
352;1;1;observed;0.184464796446752;-0.601904610986284;-0.544867752095354
353;1;NA;mcar;0.184464796446752;-0.0881450267134726;0.644792165212388
354;1;1;observed;0.184464796446752;-0.601904610986284;-0.544867752095354
355;1;NA;mcar;0.802099835579116;-0.259398221471077;-0.257708461710726
356;1;1;observed;-0.680224258338558;-0.601904610986284;0.275587363289296
357;1;1;observed;0.802099835579116;0.0831081680441313;0.234564607520063
358;1;1;observed;0.55504581992617;-0.430651416228681;-0.339753973249191
359;1;1;observed;-0.062589219206194;-0.601904610986284;-0.339753973249191
360;1;1;observed;1.41973487471148;1.79564011562017;1.21911074598164
361;1;1;observed;0.55504581992617;0.0831081680441313;0.685814920981621
362;1;1;observed;0.184464796446752;-0.601904610986284;-0.421799484787656
363;1;1;observed;-0.680224258338558;-0.430651416228681;1.50627003636627
364;1;1;observed;1.41973487471148;1.28188053134736;0.931951455597016
365;1;1;observed;0.184464796446752;0.0831081680441313;1.50627003636627
366;2;2;observed;0.55504581992617;-0.601904610986284;-0.544867752095354
367;1;1;observed;1.66678889036443;1.62438692086257;0.931951455597016
368;1;1;observed;0.55504581992617;-0.259398221471077;0.152519095981598
369;1;1;observed;0.184464796446752;-0.601904610986284;-0.339753973249191
370;2;2;observed;0.802099835579116;-0.0881450267134726;0.234564607520063
371;2;NA;mcar;-0.680224258338558;-0.601904610986284;0.685814920981621
372;1;NA;mcar;0.55504581992617;-0.430651416228681;-0.134640194403029
373;1;1;observed;-0.680224258338558;-0.601904610986284;0.726837676750853
374;1;1;observed;-0.062589219206194;-0.259398221471077;1.26013350175088
375;1;1;observed;0.55504581992617;-0.259398221471077;0.234564607520063
376;2;2;observed;0.184464796446752;-0.430651416228681;0.234564607520063
377;1;1;observed;0.55504581992617;-0.0881450267134726;0.644792165212388
378;1;1;observed;0.55504581992617;-0.773157805743888;-0.832027042479981
379;1;1;observed;0.55504581992617;-0.773157805743888;-0.832027042479981
380;1;1;observed;0.55504581992617;-0.773157805743888;-0.832027042479981
381;1;1;observed;0.55504581992617;-0.773157805743888;-0.832027042479981
382;1;1;observed;0.55504581992617;-0.773157805743888;-0.832027042479981
383;1;1;observed;0.55504581992617;-0.773157805743888;-0.832027042479981
384;1;1;observed;0.55504581992617;-0.773157805743888;-0.832027042479981
385;1;1;observed;0.55504581992617;-0.773157805743888;-0.832027042479981
386;1;1;observed;0.55504581992617;0.254361362801735;1.5472927921355
387;1;1;observed;0.55504581992617;-0.773157805743888;-0.832027042479981
388;1;1;observed;0.55504581992617;-0.773157805743888;-0.832027042479981
389;1;1;observed;-0.062589219206194;-0.430651416228681;0.726837676750853
390;1;1;observed;0.55504581992617;0.254361362801735;1.58831554790474
391;1;1;observed;0.184464796446752;-0.259398221471077;0.972974211366248
392;1;1;observed;0.184464796446752;-0.259398221471077;1.01399696713548
393;1;1;observed;-0.680224258338558;-0.601904610986284;1.01399696713548
394;1;NA;mcar;0.184464796446752;-0.259398221471077;1.09604247867395
395;1;1;observed;0.802099835579116;-0.259398221471077;0.234564607520063
396;1;1;observed;0.802099835579116;0.768120947074547;2.24467964021245
397;2;2;observed;1.41973487471148;-0.601904610986284;-0.544867752095354
398;1;1;observed;1.41973487471148;-0.430651416228681;-0.339753973249191
399;1;1;observed;0.802099835579116;0.425614557559339;1.71138381521243
400;2;2;observed;1.41973487471148;-0.430651416228681;-0.339753973249191
401;1;1;observed;1.04915385123206;-0.601904610986284;-0.462822240556889
402;1;1;observed;1.66678889036443;-0.0881450267134726;-0.0525946828645641
403;1;1;observed;1.66678889036443;0.425614557559339;0.480701142135458
404;1;1;observed;0.802099835579116;-0.430651416228681;-0.0115719270953316
405;1;1;observed;0.55504581992617;-0.0881450267134726;1.21911074598164
406;1;NA;mcar;0.55504581992617;-0.430651416228681;0.275587363289296
407;1;1;observed;0.802099835579116;-0.773157805743888;-0.749981530941516
408;1;1;observed;0.802099835579116;-0.773157805743888;-0.749981530941516
409;1;1;observed;0.802099835579116;-0.773157805743888;-0.749981530941516
410;1;1;observed;0.802099835579116;-0.773157805743888;-0.749981530941516
411;1;1;observed;0.802099835579116;-0.773157805743888;-0.749981530941516
412;1;1;observed;0.802099835579116;-0.773157805743888;-0.749981530941516
413;1;1;observed;0.802099835579116;-0.773157805743888;-0.749981530941516
414;1;1;observed;0.802099835579116;-0.259398221471077;0.439678386366226
415;1;1;observed;0.802099835579116;-0.773157805743888;-0.749981530941516
416;1;1;observed;0.802099835579116;-0.773157805743888;-0.749981530941516
417;1;1;observed;0.802099835579116;-0.773157805743888;-0.749981530941516
418;1;1;observed;0.802099835579116;-0.773157805743888;-0.749981530941516
419;1;1;observed;0.802099835579116;-0.773157805743888;-0.749981530941516
420;1;1;observed;0.802099835579116;-0.601904610986284;-0.339753973249191
421;1;1;observed;1.41973487471148;-0.601904610986284;-0.462822240556889
422;1;1;observed;0.802099835579116;-0.601904610986284;-0.298731217479959
423;1;1;observed;1.41973487471148;-0.601904610986284;-0.462822240556889
424;1;1;observed;1.41973487471148;-0.601904610986284;-0.462822240556889
425;1;1;observed;0.55504581992617;-0.259398221471077;0.931951455597016
426;1;1;observed;0.802099835579116;-0.0881450267134726;1.05501972290471
427;1;1;observed;1.66678889036443;-0.601904610986284;-0.462822240556889
428;1;1;observed;0.55504581992617;-0.0881450267134726;1.62933830367397
429;1;1;observed;1.66678889036443;-0.430651416228681;-0.257708461710726
430;1;NA;mcar;0.802099835579116;-0.430651416228681;0.234564607520063
431;1;1;observed;-0.062589219206194;-0.601904610986284;0.726837676750853
432;1;1;observed;-0.062589219206194;-0.601904610986284;0.726837676750853
433;2;2;observed;0.802099835579116;0.254361362801735;2.16263412867399
434;1;1;observed;0.55504581992617;-0.259398221471077;1.21911074598164
435;1;1;observed;0.55504581992617;-0.601904610986284;0.0294508286739009
436;1;1;observed;0.802099835579116;0.254361362801735;2.40877066328938
437;1;1;observed;1.41973487471148;-0.601904610986284;-0.380776729018424
438;1;1;observed;0.55504581992617;-0.430651416228681;0.726837676750853
439;1;1;observed;1.66678889036443;1.45313372610496;2.40877066328938
440;1;1;observed;1.04915385123206;0.425614557559339;2.49081617482785
441;1;1;observed;0.802099835579116;-0.430651416228681;0.480701142135458
442;1;1;observed;0.184464796446752;-0.430651416228681;1.71138381521243
443;1;1;observed;0.184464796446752;-0.601904610986284;0.726837676750853
444;1;1;observed;0.184464796446752;-0.430651416228681;1.71138381521243
445;1;1;observed;1.66678889036443;1.11062733658976;2.12161137290476
446;1;1;observed;1.41973487471148;-0.430651416228681;0.0294508286739009
447;1;1;observed;1.66678889036443;-0.601904610986284;-0.339753973249191
448;1;1;observed;1.66678889036443;-0.601904610986284;-0.339753973249191
449;1;1;observed;1.66678889036443;0.425614557559339;1.21911074598164
450;1;1;observed;0.802099835579116;-0.430651416228681;0.644792165212388
451;1;1;observed;1.66678889036443;-0.430651416228681;-0.0525946828645641
452;1;1;observed;1.41973487471148;-0.430651416228681;0.152519095981598
453;1;1;observed;1.66678889036443;-0.601904610986284;-0.257708461710726
454;1;1;observed;1.41973487471148;-0.773157805743888;-0.544867752095354
455;1;NA;mcar;1.41973487471148;-0.773157805743888;-0.544867752095354
456;1;1;observed;1.41973487471148;-0.773157805743888;-0.544867752095354
457;1;1;observed;1.41973487471148;-0.773157805743888;-0.544867752095354
458;1;1;observed;1.41973487471148;-0.773157805743888;-0.544867752095354
459;1;1;observed;1.41973487471148;-0.773157805743888;-0.544867752095354
460;1;1;observed;1.41973487471148;-0.773157805743888;-0.544867752095354
461;1;1;observed;1.41973487471148;-0.773157805743888;-0.544867752095354
462;1;1;observed;1.41973487471148;-0.773157805743888;-0.544867752095354
463;2;2;observed;1.41973487471148;-0.773157805743888;-0.544867752095354
464;1;1;observed;1.41973487471148;-0.773157805743888;-0.544867752095354
465;1;1;observed;1.41973487471148;-0.773157805743888;-0.544867752095354
466;1;1;observed;1.41973487471148;-0.0881450267134726;1.05501972290471
467;1;1;observed;1.66678889036443;-0.259398221471077;0.439678386366226
468;1;1;observed;1.41973487471148;-0.259398221471077;0.726837676750853
469;2;2;observed;1.54326188253795;-0.773157805743888;-0.503844996326121
470;1;1;observed;0.184464796446752;-0.601904610986284;1.46524728059704
471;1;NA;mcar;1.66678889036443;-0.0881450267134726;0.972974211366248
472;1;1;observed;1.66678889036443;-0.430651416228681;0.234564607520063
473;1;1;observed;1.66678889036443;-0.430651416228681;0.275587363289296
474;1;1;observed;0.55504581992617;-0.430651416228681;1.99854310559706
475;1;1;observed;1.41973487471148;-0.601904610986284;0.0294508286739009
476;2;2;observed;2.03736991384384;-0.0881450267134726;0.603769409443156
477;1;1;observed;1.66678889036443;0.0831081680441313;1.46524728059704
478;1;1;observed;1.66678889036443;-0.773157805743888;-0.462822240556889
479;1;1;observed;1.66678889036443;-0.773157805743888;-0.462822240556889
480;1;1;observed;1.66678889036443;-0.773157805743888;-0.462822240556889
481;1;1;observed;1.66678889036443;-0.773157805743888;-0.462822240556889
482;1;1;observed;1.66678889036443;-0.773157805743888;-0.462822240556889
483;1;NA;mcar;1.66678889036443;-0.773157805743888;-0.462822240556889
484;1;NA;mcar;1.66678889036443;-0.773157805743888;-0.462822240556889
485;1;1;observed;1.66678889036443;-0.773157805743888;-0.462822240556889
486;1;1;observed;1.66678889036443;-0.259398221471077;0.767860432520086
487;1;1;observed;1.41973487471148;0.0831081680441313;2.12161137290476
488;1;1;observed;1.66678889036443;-0.430651416228681;0.562746653673923
489;1;1;observed;1.41973487471148;-0.601904610986284;0.275587363289296
490;1;1;observed;1.41973487471148;-0.430651416228681;1.21911074598164
491;1;NA;mcar;0.802099835579116;-0.601904610986284;1.46524728059704
492;1;1;observed;1.41973487471148;-0.430651416228681;1.46524728059704
493;1;1;observed;1.66678889036443;-0.259398221471077;2.16263412867399
494;1;1;observed;1.66678889036443;-0.430651416228681;2.24467964021245
495;1;1;observed;1.66678889036443;-0.601904610986284;2.16263412867399
496;1;1;observed;3.1491129842821;-0.430651416228681;1.21911074598164
497;1;1;observed;3.51969400776152;-0.773157805743888;0.152519095981598
498;1;1;observed;3.51969400776152;-0.773157805743888;0.152519095981598
499;1;1;observed;3.76674802341446;-0.773157805743888;0.234564607520063
500;1;1;observed;7.96666628951454;-0.773157805743888;1.62933830367397
501;2;NA;mar;-0.927278273991504;6.41947637407548;2.12161137290476
502;2;NA;mar;-0.433170242685612;2.82315928416579;-0.257708461710726
503;2;2;observed;-0.927278273991504;4.87819762125704;1.75240657098167
504;1;1;observed;-0.927278273991504;6.59072956883308;2.61388444213555
505;2;NA;mar;-1.17433228964445;3.50817206319621;1.71138381521243
506;2;2;observed;-0.927278273991504;6.07696998456027;2.61388444213555
507;2;2;observed;-0.803751266165031;2.65190608940819;0.316610119058528
508;1;NA;mar;-0.927278273991504;0.939374141832151;-0.462822240556889
509;2;2;observed;-0.927278273991504;2.65190608940819;0.726837676750853
510;2;NA;mar;-0.927278273991504;1.28188053134736;-0.0936174386337966
511;2;2;observed;-0.680224258338558;-0.259398221471077;-1.24225460017231
512;1;NA;mar;-0.927278273991504;0.939374141832151;-0.339753973249191
513;1;1;observed;-0.927278273991504;0.939374141832151;-0.257708461710726
514;1;1;observed;-0.803751266165031;1.45313372610496;0.0294508286739009
515;2;2;observed;-0.680224258338558;1.79564011562017;0.152519095981598
516;1;NA;mar;-0.680224258338558;0.0831081680441313;-0.832027042479981
517;2;NA;mar;-0.803751266165031;-0.0881450267134726;-0.914072554018446
518;2;2;observed;-0.680224258338558;4.70694442649944;2.61388444213555
519;2;2;observed;-0.803751266165031;0.768120947074547;-0.0525946828645641
520;2;NA;mar;-0.680224258338558;0.768120947074547;-0.257708461710726
521;2;NA;mcar;-0.927278273991504;0.939374141832151;0.234564607520063
522;2;NA;mar;-0.927278273991504;0.939374141832151;0.275587363289296
523;2;NA;mar;-0.680224258338558;1.28188053134736;0.193541851750831
524;2;NA;mar;-1.05080528181798;0.768120947074547;0.357632874827761
525;1;NA;mar;-0.680224258338558;0.596867752316943;-0.257708461710726
526;1;1;observed;-0.927278273991504;-0.259398221471077;-0.955095309787679
527;2;NA;mar;-0.927278273991504;-0.0881450267134726;-0.749981530941516
528;1;NA;mar;-0.927278273991504;1.62438692086257;1.21911074598164
529;1;NA;mar;-0.556697250512085;3.165665673681;1.83445208252013
530;2;2;observed;-0.927278273991504;0.0831081680441313;-0.503844996326121
531;2;NA;mar;-0.680224258338558;-0.0881450267134726;-0.749981530941516
532;2;2;observed;-0.927278273991504;-0.259398221471077;-0.832027042479981
533;1;NA;mar;-0.680224258338558;0.425614557559339;-0.257708461710726
534;1;1;observed;-0.927278273991504;-0.259398221471077;-0.832027042479981
535;1;NA;mar;-0.927278273991504;0.0831081680441313;-0.339753973249191
536;2;NA;mar;-0.680224258338558;-0.0881450267134726;-0.749981530941516
537;2;NA;mar;-0.927278273991504;0.254361362801735;-0.0936174386337966
538;2;NA;mar;-0.927278273991504;0.0831081680441313;-0.339753973249191
539;2;NA;mar;-0.927278273991504;0.425614557559339;0.152519095981598
540;2;2;observed;-0.927278273991504;-0.601904610986284;-1.24225460017231
541;2;NA;mcar;-0.927278273991504;0.0831081680441313;-0.257708461710726
542;1;1;observed;-0.927278273991504;0.768120947074547;0.726837676750853
543;2;NA;mar;-0.680224258338558;1.79564011562017;1.46524728059704
544;2;NA;mcar;-0.680224258338558;-0.601904610986284;-1.24225460017231
545;1;1;observed;-1.05080528181798;1.45313372610496;2.49081617482785
546;2;2;observed;-0.680224258338558;-0.601904610986284;-1.24225460017231
547;1;NA;mar;-0.30964323485914;1.45313372610496;0.562746653673923
548;1;1;observed;-0.927278273991504;-0.430651416228681;-0.955095309787679
549;2;2;observed;-0.927278273991504;1.11062733658976;1.46524728059704
550;2;2;observed;-0.680224258338558;0.254361362801735;-0.0936174386337966
551;1;NA;mar;-0.680224258338558;-0.259398221471077;-0.749981530941516
552;2;NA;mcar;-0.927278273991504;0.0831081680441313;0.0294508286739009
553;2;NA;mar;-0.680224258338558;0.0831081680441313;-0.257708461710726
554;1;1;observed;-0.927278273991504;-0.430651416228681;-0.832027042479981
555;1;1;observed;-0.927278273991504;-0.259398221471077;-0.462822240556889
556;1;NA;mcar;-0.680224258338558;-0.259398221471077;-0.667936019403051
557;1;1;observed;-0.556697250512085;0.0831081680441313;-0.257708461710726
558;1;NA;mar;-0.680224258338558;0.0831081680441313;-0.175662950172262
559;1;NA;mar;0.55504581992617;-0.0881450267134726;-0.832027042479981
560;1;1;observed;-0.803751266165031;0.425614557559339;0.644792165212388
561;2;2;observed;-0.680224258338558;0.939374141832151;1.21911074598164
562;1;1;observed;-0.680224258338558;0.596867752316943;0.726837676750853
563;2;2;observed;-0.680224258338558;1.79564011562017;2.61388444213555
564;1;1;observed;-0.30964323485914;0.768120947074547;0.521723897904691
565;1;1;observed;-0.680224258338558;1.45313372610496;2.12161137290476
566;1;1;observed;-0.927278273991504;0.596867752316943;1.6703610594432
567;1;NA;mar;-0.680224258338558;0.0831081680441313;0.0294508286739009
568;1;1;observed;-0.680224258338558;0.596867752316943;0.84990594405855
569;2;2;observed;-0.680224258338558;0.0831081680441313;0.0294508286739009
570;1;NA;mcar;-0.927278273991504;0.0831081680441313;0.439678386366226
571;1;NA;mar;-0.927278273991504;0.0831081680441313;0.521723897904691
572;1;1;observed;-0.680224258338558;-0.601904610986284;-1.03714082132614
573;2;2;observed;-0.927278273991504;-0.601904610986284;-0.955095309787679
574;1;NA;mar;-0.927278273991504;-0.601904610986284;-0.955095309787679
575;2;2;observed;-0.927278273991504;-0.601904610986284;-0.955095309787679
576;2;2;observed;-0.680224258338558;0.0831081680441313;0.152519095981598
577;2;2;observed;-0.803751266165031;-0.259398221471077;-0.216685705941494
578;1;1;observed;-0.062589219206194;0.596867752316943;0.152519095981598
579;1;1;observed;0.184464796446752;-0.0881450267134726;-0.667936019403051
580;1;1;observed;-0.927278273991504;-0.430651416228681;-0.544867752095354
581;1;1;observed;-0.927278273991504;-0.773157805743888;-1.32430011171077
582;2;2;observed;-0.927278273991504;-0.773157805743888;-1.32430011171077
583;1;NA;mcar;-0.927278273991504;-0.773157805743888;-1.32430011171077
584;1;1;observed;-0.927278273991504;-0.773157805743888;-1.32430011171077
585;1;1;observed;-0.927278273991504;-0.773157805743888;-1.32430011171077
586;1;1;observed;-0.927278273991504;-0.773157805743888;-1.32430011171077
587;2;2;observed;-0.927278273991504;-0.773157805743888;-1.32430011171077
588;1;1;observed;-0.927278273991504;-0.773157805743888;-1.32430011171077
589;1;1;observed;-0.927278273991504;-0.773157805743888;-1.32430011171077
590;1;NA;mcar;-0.927278273991504;-0.773157805743888;-1.32430011171077
591;1;1;observed;-0.927278273991504;-0.773157805743888;-1.32430011171077
592;1;1;observed;0.184464796446752;0.939374141832151;0.152519095981598
593;1;1;observed;-0.927278273991504;-0.430651416228681;-0.503844996326121
594;2;2;observed;-0.062589219206194;0.939374141832151;0.603769409443156
595;1;NA;mcar;-0.556697250512085;0.939374141832151;1.6703610594432
596;1;1;observed;-0.803751266165031;-0.0881450267134726;0.152519095981598
597;2;NA;mcar;-0.803751266165031;-0.773157805743888;-1.28327735594154
598;1;1;observed;-0.680224258338558;0.0831081680441313;0.357632874827761
599;1;1;observed;-0.927278273991504;-0.430651416228681;-0.421799484787656
600;1;1;observed;0.307991804273224;0.939374141832151;0.193541851750831
601;1;1;observed;-0.927278273991504;-0.601904610986284;-0.832027042479981
602;1;1;observed;-0.680224258338558;0.0831081680441313;0.480701142135458
603;1;1;observed;-0.062589219206194;-0.430651416228681;-0.832027042479981
604;1;1;observed;0.55504581992617;0.425614557559339;-0.339753973249191
605;1;1;observed;-0.680224258338558;-0.601904610986284;-0.873049798249214
606;1;1;observed;-0.680224258338558;0.939374141832151;2.49081617482785
607;1;1;observed;-0.927278273991504;0.254361362801735;1.75240657098167
608;1;1;observed;-0.927278273991504;0.254361362801735;1.75240657098167
609;1;1;observed;-0.680224258338558;-0.773157805743888;-1.24225460017231
610;1;1;observed;-0.680224258338558;-0.773157805743888;-1.24225460017231
611;1;1;observed;-0.680224258338558;-0.773157805743888;-1.24225460017231
612;1;1;observed;-0.680224258338558;-0.773157805743888;-1.24225460017231
613;2;2;observed;-0.680224258338558;-0.773157805743888;-1.24225460017231
614;1;1;observed;-0.680224258338558;-0.773157805743888;-1.24225460017231
615;1;1;observed;-0.680224258338558;-0.773157805743888;-1.24225460017231
616;1;1;observed;-0.680224258338558;-0.773157805743888;-1.24225460017231
617;1;1;observed;-0.680224258338558;-0.773157805743888;-1.24225460017231
618;1;1;observed;-0.680224258338558;-0.773157805743888;-1.24225460017231
619;2;2;observed;-0.680224258338558;-0.773157805743888;-1.24225460017231
620;1;1;observed;-0.680224258338558;-0.773157805743888;-1.24225460017231
621;1;1;observed;-0.680224258338558;0.254361362801735;1.13706523444318
622;1;1;observed;-0.680224258338558;-0.773157805743888;-1.24225460017231
623;2;2;observed;-0.680224258338558;-0.259398221471077;-0.0115719270953316
624;1;NA;mcar;0.184464796446752;0.0831081680441313;-0.257708461710726
625;2;2;observed;0.431518812099697;-0.430651416228681;-0.832027042479981
626;1;1;observed;-0.30964323485914;-0.0881450267134726;0.0294508286739009
627;1;1;observed;-0.062589219206194;0.596867752316943;0.808883188289318
628;1;1;observed;0.184464796446752;-0.601904610986284;-0.955095309787679
629;1;1;observed;-0.927278273991504;-0.0881450267134726;1.17808799021241
630;1;NA;mcar;-0.30964323485914;0.939374141832151;2.24467964021245
631;1;1;observed;-0.186116227032667;0.596867752316943;1.21911074598164
632;1;1;observed;-0.927278273991504;-0.601904610986284;-0.503844996326121
633;1;1;observed;-0.433170242685612;-0.430651416228681;-0.339753973249191
634;1;1;observed;0.307991804273224;1.62438692086257;1.50627003636627
635;1;1;observed;0.431518812099697;-0.430651416228681;-0.749981530941516
636;1;1;observed;0.184464796446752;1.79564011562017;2.24467964021245
637;1;1;observed;-0.680224258338558;-0.0881450267134726;0.972974211366248
638;1;NA;mcar;0.55504581992617;0.254361362801735;0.0294508286739009
639;1;1;observed;0.184464796446752;-0.259398221471077;-0.298731217479959
640;2;2;observed;-0.30964323485914;0.596867752316943;2.24467964021245
641;2;2;observed;0.184464796446752;0.425614557559339;0.726837676750853
642;1;1;observed;-0.30964323485914;-0.0881450267134726;0.726837676750853
643;1;1;observed;0.184464796446752;0.0831081680441313;0.275587363289296
644;1;1;observed;0.0609377886202788;-0.0881450267134726;0.152519095981598
645;2;2;observed;0.55504581992617;-0.601904610986284;-0.832027042479981
646;1;1;observed;0.55504581992617;-0.601904610986284;-0.832027042479981
647;1;1;observed;0.55504581992617;-0.601904610986284;-0.832027042479981
648;1;1;observed;-0.927278273991504;-0.601904610986284;-0.0525946828645641
649;1;1;observed;0.184464796446752;-0.430651416228681;-0.462822240556889
650;1;1;observed;0.55504581992617;0.425614557559339;0.480701142135458
651;1;1;observed;-0.062589219206194;-0.773157805743888;-1.03714082132614
652;1;1;observed;0.802099835579116;-0.0881450267134726;-0.298731217479959
653;1;1;observed;0.55504581992617;-0.259398221471077;-0.339753973249191
654;1;1;observed;-0.680224258338558;-0.601904610986284;-0.175662950172262
655;1;NA;mcar;0.55504581992617;-0.430651416228681;-0.544867752095354
656;1;1;observed;0.802099835579116;1.79564011562017;1.75240657098167
657;1;1;observed;-0.680224258338558;-0.601904610986284;-0.134640194403029
658;1;1;observed;0.55504581992617;0.425614557559339;0.644792165212388
659;1;1;observed;0.184464796446752;-0.430651416228681;-0.339753973249191
660;1;1;observed;0.55504581992617;0.254361362801735;0.439678386366226
661;1;1;observed;0.678572827752643;-0.0881450267134726;-0.0525946828645641
662;1;1;observed;0.802099835579116;-0.601904610986284;-0.749981530941516
663;1;1;observed;0.802099835579116;-0.430651416228681;-0.544867752095354
664;1;1;observed;0.184464796446752;0.425614557559339;1.5472927921355
665;1;1;observed;0.184464796446752;-0.773157805743888;-0.955095309787679
666;1;1;observed;0.184464796446752;-0.773157805743888;-0.955095309787679
667;1;1;observed;0.184464796446752;-0.773157805743888;-0.955095309787679
668;2;2;observed;0.184464796446752;-0.773157805743888;-0.955095309787679
669;1;1;observed;0.184464796446752;-0.773157805743888;-0.955095309787679
670;2;2;observed;-0.927278273991504;-0.430651416228681;1.6703610594432
671;1;1;observed;-0.927278273991504;-0.430651416228681;1.75240657098167
672;1;1;observed;0.802099835579116;-0.259398221471077;-0.257708461710726
673;1;1;observed;0.802099835579116;1.62438692086257;2.16263412867399
674;1;1;observed;0.802099835579116;1.45313372610496;1.99854310559706
675;1;1;observed;0.802099835579116;0.768120947074547;1.13706523444318
676;1;1;observed;0.802099835579116;-0.430651416228681;-0.462822240556889
677;1;1;observed;0.55504581992617;-0.430651416228681;-0.339753973249191
678;1;1;observed;1.66678889036443;2.30939969989298;1.13706523444318
679;1;1;observed;0.184464796446752;0.254361362801735;1.6703610594432
680;1;1;observed;0.55504581992617;-0.430651416228681;-0.257708461710726
681;2;2;observed;1.29620786688501;1.45313372610496;1.42422452482781
682;1;1;observed;-0.680224258338558;-0.601904610986284;0.480701142135458
683;1;1;observed;0.184464796446752;-0.601904610986284;-0.380776729018424
684;1;NA;mcar;0.184464796446752;-0.430651416228681;0.111496340212366
685;1;1;observed;0.802099835579116;-0.259398221471077;-0.0525946828645641
686;1;1;observed;1.41973487471148;0.254361362801735;0.152519095981598
687;1;1;observed;0.431518812099697;0.254361362801735;1.71138381521243
688;1;1;observed;0.802099835579116;0.0831081680441313;0.644792165212388
689;1;1;observed;0.55504581992617;-0.430651416228681;-0.0525946828645641
690;1;1;observed;0.55504581992617;-0.773157805743888;-0.832027042479981
691;1;1;observed;0.55504581992617;-0.773157805743888;-0.832027042479981
692;1;1;observed;0.55504581992617;-0.773157805743888;-0.832027042479981
693;1;1;observed;0.55504581992617;-0.773157805743888;-0.832027042479981
694;1;1;observed;0.55504581992617;-0.773157805743888;-0.832027042479981
695;1;1;observed;0.55504581992617;-0.773157805743888;-0.832027042479981
696;2;NA;mcar;0.925626843405589;0.254361362801735;0.972974211366248
697;1;1;observed;0.55504581992617;-0.430651416228681;0.0294508286739009
698;1;1;observed;0.55504581992617;-0.430651416228681;0.0294508286739009
699;1;1;observed;0.802099835579116;0.254361362801735;1.21911074598164
700;1;1;observed;1.41973487471148;-0.601904610986284;-0.544867752095354
701;1;1;observed;0.802099835579116;-0.430651416228681;0.0294508286739009
702;1;1;observed;0.802099835579116;-0.773157805743888;-0.749981530941516
703;1;1;observed;0.802099835579116;-0.773157805743888;-0.749981530941516
704;1;NA;mcar;0.802099835579116;-0.773157805743888;-0.749981530941516
705;1;1;observed;0.802099835579116;-0.773157805743888;-0.749981530941516
706;1;1;observed;0.802099835579116;-0.773157805743888;-0.749981530941516
707;1;1;observed;0.55504581992617;-0.601904610986284;-0.216685705941494
708;1;1;observed;0.184464796446752;-0.259398221471077;1.62933830367397
709;2;2;observed;0.184464796446752;-0.601904610986284;0.152519095981598
710;1;1;observed;1.41973487471148;0.0831081680441313;0.562746653673923
711;1;1;observed;1.66678889036443;-0.601904610986284;-0.462822240556889
712;1;1;observed;1.66678889036443;0.0831081680441313;0.439678386366226
713;2;2;observed;0.55504581992617;-0.601904610986284;0.0294508286739009
714;1;NA;mcar;0.802099835579116;0.0831081680441313;1.9164975940586
715;1;1;observed;0.802099835579116;-0.259398221471077;0.972974211366248
716;1;1;observed;0.802099835579116;-0.0881450267134726;1.50627003636627
717;1;1;observed;1.41973487471148;-0.601904610986284;-0.339753973249191
718;1;1;observed;1.41973487471148;-0.430651416228681;0.0294508286739009
719;1;1;observed;1.41973487471148;-0.430651416228681;0.0294508286739009
720;1;1;observed;1.66678889036443;0.425614557559339;1.42422452482781
721;1;1;observed;1.41973487471148;-0.430651416228681;0.152519095981598
722;1;1;observed;1.66678889036443;-0.430651416228681;0.0294508286739009
723;1;1;observed;1.41973487471148;-0.430651416228681;0.234564607520063
724;1;1;observed;1.66678889036443;-0.601904610986284;-0.257708461710726
725;1;1;observed;1.41973487471148;-0.773157805743888;-0.544867752095354
726;1;NA;mcar;1.41973487471148;-0.773157805743888;-0.544867752095354
727;1;1;observed;1.91384290601737;0.0831081680441313;0.644792165212388
728;1;1;observed;1.41973487471148;-0.773157805743888;-0.544867752095354
729;1;1;observed;1.41973487471148;-0.773157805743888;-0.544867752095354
730;1;1;observed;1.66678889036443;-0.430651416228681;0.193541851750831
731;1;1;observed;1.41973487471148;-0.601904610986284;-0.0525946828645641
732;1;1;observed;0.55504581992617;-0.430651416228681;1.83445208252013
733;2;2;observed;1.66678889036443;-0.773157805743888;-0.462822240556889
734;1;NA;mcar;1.66678889036443;-0.773157805743888;-0.462822240556889
735;1;1;observed;1.66678889036443;-0.773157805743888;-0.462822240556889
736;1;1;observed;1.66678889036443;-0.773157805743888;-0.462822240556889
737;1;1;observed;1.66678889036443;-0.773157805743888;-0.462822240556889
738;1;1;observed;1.66678889036443;-0.773157805743888;-0.462822240556889
739;1;NA;mcar;1.66678889036443;-0.773157805743888;-0.462822240556889
740;1;1;observed;1.66678889036443;-0.259398221471077;0.726837676750853
741;1;1;observed;1.66678889036443;-0.773157805743888;-0.462822240556889
742;1;1;observed;1.66678889036443;0.254361362801735;2.20365688444322
743;1;1;observed;0.802099835579116;-0.430651416228681;2.12161137290476
744;1;1;observed;1.66678889036443;-0.601904610986284;0.152519095981598
745;1;1;observed;1.41973487471148;-0.601904610986284;0.726837676750853
746;1;1;observed;1.66678889036443;-0.430651416228681;1.13706523444318
747;1;1;observed;3.64322101558799;-0.773157805743888;0.193541851750831
748;1;1;observed;7.71961227386159;-0.773157805743888;1.5472927921355
